accession	label
KM349744.1	0
KJ156866.1	1
KM027262.1	1
NC_028806.1	0
AY545916.1	1
DQ415907.1	1
DQ415909.1	1
MG923478.1	1
KT253325.1	0
MF598625.1	1
NC_025217.1	0
KR011265.1	1
JQ065043.2	0
KF923895.1	1
KP223131.1	1
KY554973.1	1
KX538975.1	1
AY321118.1	1
FJ882961.1	1
KX443143.1	0
KF514406.1	1
MG011355.2	1
KJ361501.1	1
KP143512.1	0
MG011358.2	1
MF598689.1	1
MF598660.1	1
KY363867.1	0
JQ765572.1	1
LC260045.1	0
KT806045.1	1
KM012168.1	0
DQ071615.1	0
KX538977.1	1
KF923893.1	1
KF530123.1	0
KT368911.1	0
JN874560.1	0
KT368865.1	1
NC_018871.1	0
KF793825.1	0
AY903460.1	1
MF598707.1	1
KT368838.1	1
MF094688.1	0
KF923902.1	1
AY304486.1	1
EF424615.1	0
GU553365.1	1
HM211098.1	0
EU022525.1	0
KT026453.1	1
KF600630.1	1
FJ882931.1	1
KY369913.1	1
FJ882927.1	1
KF514402.1	1
JX993987.1	0
KY581685.1	1
KF530065.1	1
AY502926.1	1
KJ556336.1	1
FJ425184.1	0
LC364342.1	0
KM027255.1	1
FJ647227.1	0
DQ497008.1	1
MG977447.1	1
HQ890545.1	1
FJ938055.1	0
FJ882936.1	1
KR265861.1	0
KF906249.1	0
MF593473.1	0
JF292902.1	1
DQ640652.1	1
MF769432.1	0
FJ647219.1	0
KF530060.1	1
KT021234.1	0
KY770859.1	0
MF593268.1	0
KU291448.1	1
KX154687.1	1
LC061272.1	0
DQ286389.1	0
LC364346.1	0
AY864806.1	1
KX538978.1	1
KT368848.1	1
MF598701.1	1
KF530111.1	1
AY545918.1	1
GQ153546.1	0
KJ156949.1	1
AP006559.1	1
GU553362.1	0
KY554967.1	1
FJ647218.1	0
JN129834.1	1
KY938558.1	0
GQ153539.1	0
DQ415897.1	1
KY293678.1	0
KY566209.1	0
JQ989268.1	0
KR265863.1	0
GQ153540.1	0
KC776174.1	1
JF292906.1	1
KF192507.1	1
FJ647220.1	0
MF598709.1	1
KT368858.1	1
JQ989273.1	0
NC_016994.1	0
KY554971.1	1
KF514414.1	1
KR822424.1	0
KT374051.1	1
AY502924.1	1
KX154684.1	1
KJ584356.1	0
MG021451.1	0
FJ938057.1	0
KF923894.1	1
KY354364.1	0
MH306207.1	1
MH021175.1	0
MF769419.1	0
AY395003.1	1
KT806048.1	1
JQ765575.1	1
KT806052.1	1
AP006560.1	1
AY394999.1	1
MG557844.1	0
KM349743.1	0
AY545914.1	1
KT374057.1	1
KY967356.1	1
KT368835.1	1
MF598623.1	1
KY581697.1	1
KT806054.1	1
MF598601.1	1
MG923476.1	1
MF598708.1	1
KP886808.1	0
KF686346.1	1
KY688119.1	1
KF923915.1	1
MF769430.1	0
AF220295.1	0
JX504050.1	1
MF598685.1	1
AY613949.1	1
KT368853.1	1
FJ882945.1	1
KT368902.1	0
MF598619.1	1
MF598636.1	1
DQ898174.1	1
MF598633.1	1
MF598639.1	1
AY585228.1	1
KX022602.1	0
JF292914.1	1
KX538964.1	1
MG923473.1	1
KT368883.1	1
KT374055.1	1
JQ765564.1	1
MG812375.1	0
KR265853.1	0
AY313906.1	1
JX163926.1	1
HQ890537.1	1
MG923471.1	1
KF923898.1	1
HQ392470.1	0
KY581699.1	1
LC364345.1	0
AY362699.1	1
KX442564.1	0
KR265854.1	0
MG837133.1	0
MF598614.1	1
MF598684.1	1
KT368825.1	1
KY581687.1	1
FJ647221.1	0
NC_026011.1	0
KF923906.1	1
MF598706.1	1
KT368867.1	1
MG011342.2	1
LC260039.1	0
KT368857.1	1
KJ620016.1	0
KY417142.1	0
KF530089.1	1
KT253326.1	0
KU665558.1	0
MF598635.1	1
AY559092.1	1
KY581694.1	1
KF514388.1	1
KY369909.2	1
AY559089.1	1
DQ415904.1	1
KT368896.1	0
KT368851.1	1
KX538968.1	1
MG011351.2	1
KY417147.1	0
DQ022305.2	0
AY394991.1	1
MF769436.1	0
MF280390.1	0
AB257344.1	1
KP143508.1	0
AY390556.1	1
MF769427.1	0
KP143507.1	0
KF923897.1	1
KY581698.1	1
KJ650297.1	1
MF598666.1	1
KT806049.1	1
NC_002645.1	1
AY559091.1	1
KJ567050.1	0
MF094681.1	0
KF530092.1	1
KY369912.1	1
KJ713297.1	1
KF686344.1	1
AY350750.1	1
EF065509.1	0
KY073745.1	0
KY417151.1	0
GQ477367.1	0
KF530109.1	1
AY283795.1	1
KT368909.1	0
KF514432.1	1
MF598610.1	1
KJ650296.1	1
KU215426.1	0
KF958702.1	1
KM015348.1	1
MH043952.1	0
FJ415324.1	1
FJ425189.1	0
MG011344.1	1
KF923887.1	1
KT368915.1	0
FJ882938.1	1
MG242062.1	0
KY983587.1	1
AY613947.1	1
KR265859.1	0
KJ156874.1	1
KT336560.1	0
AY572038.1	1
KJ156952.1	1
MF769426.1	0
AY568539.1	1
AY903459.1	1
KP198611.1	1
FJ376622.1	0
KF600652.1	1
MF598611.1	1
KM027261.1	1
MF598656.1	1
KX034095.1	1
AY884001.1	1
EF065508.1	0
KJ481931.1	0
KY554974.1	1
KY674942.1	1
KT368829.1	1
KJ361502.1	1
KX834351.1	0
MF598699.1	1
GQ153548.1	0
MF598630.1	1
AY345986.1	1
JQ989269.1	0
DQ084199.1	0
MF769428.1	0
KT121578.1	1
HQ392472.1	0
JQ316196.1	1
AY283794.1	1
NC_016996.1	0
MF598634.1	1
MG428704.1	1
KT368841.1	1
AY357075.1	1
KU242423.1	1
KF367457.1	0
KT368843.1	1
KY014281.1	1
MG011361.1	1
FJ647226.1	0
DQ415913.1	1
KY770851.1	0
MF598631.1	1
KF514397.1	1
MG366882.1	1
DQ412042.1	0
MF598607.1	1
MG021452.1	0
KT368903.1	0
MG011346.1	1
KR265862.1	0
KT368910.1	0
JF292920.1	1
JQ765574.1	1
KY673148.1	1
EF203067.1	0
AY559083.1	1
MF598716.1	1
KF530110.1	1
KT368849.1	1
MF598655.1	1
MF598613.1	1
MH043955.1	0
KX108942.1	1
AY351680.1	1
KF514400.1	1
KF514412.1	1
KF530091.1	1
MF642322.1	0
MF598616.1	1
KF923918.1	1
KU182965.1	0
KT121580.1	1
KT006149.2	1
KP719932.1	1
EF203064.1	0
EF424622.1	0
HM034837.1	1
DQ415906.1	1
KT779556.1	1
JQ765570.1	1
MF598682.1	1
LC260041.1	0
KY983588.1	1
KT266906.1	1
JQ765568.1	1
KP143509.1	0
LC364344.1	0
NC_012936.1	0
AY485278.1	1
MF598617.1	1
AY278489.2	1
KT368834.1	1
JF292907.1	1
KF186567.1	1
KF514413.1	1
MF598632.1	1
MF374985.2	1
MH013216.1	1
KY799179.1	0
JF292910.1	1
KY967357.1	1
MG011343.1	1
JF292909.1	1
KP887098.1	0
KY674943.1	1
MF598672.1	1
FJ882949.1	1
EF424621.1	0
KT121572.1	1
KT368869.1	1
KX108941.1	1
MF598710.1	1
JF292915.1	1
KX154691.1	1
LC260042.1	0
KT861628.1	1
KF530064.1	1
KX538967.1	1
EF424624.1	0
KF530073.1	1
KX344031.1	1
MF431742.1	0
JX503060.1	1
JX524171.1	1
KF514393.1	1
MF598693.1	1
KJ829365.1	1
KU051641.1	0
KY513724.1	0
GQ427173.1	0
KF268336.1	0
KT368888.1	1
KJ462462.1	0
KF530090.1	1
FJ882954.1	1
MF598641.1	1
KX022604.1	0
KT374053.1	1
MF769420.1	0
KT368894.1	0
MF598669.1	1
MF598596.1	1
KX108944.1	1
KT253327.1	0
JQ765563.1	1
MF598621.1	1
EU371562.1	1
MG011352.2	1
KY933089.1	0
MF598717.1	1
EF065515.1	0
NC_016995.1	0
KR265850.1	0
MG428699.1	1
KU710265.1	1
KU521535.1	1
KT121579.1	1
DQ445911.1	1
MF598618.1	1
KT368906.1	0
KP209309.1	1
KF530094.1	1
KF186564.1	1
AY297028.1	1
KX154686.1	1
MF041982.1	0
JF292913.1	1
AP006558.1	1
DQ415903.1	1
JF792617.1	0
KY581696.1	1
KT026455.1	1
KX022603.1	0
KU851864.1	1
KX154685.1	1
MH395139.1	1
AY559090.1	1
KF514389.1	1
MF598695.1	1
KU851863.1	1
KT368824.1	1
LC215871.1	0
KU215427.1	0
KU215420.1	0
MF598715.1	1
MG812376.1	0
MG923467.1	1
KT806053.1	1
EF424620.1	0
HQ890531.1	1
KT368832.1	1
KP209307.1	1
KF530066.1	1
JQ065046.1	0
MF769440.1	0
AY394996.1	1
KT368863.1	1
FJ882944.1	1
KF530061.1	1
AY595412.1	1
KY967359.1	1
MG923481.1	1
MF598651.1	1
GQ153544.1	0
FJ882930.1	1
KY621348.1	1
MG812378.1	0
EU371560.1	1
MF431743.1	0
AY395002.1	1
KX722530.1	0
KT121576.1	1
AY559093.1	1
KY063618.2	0
HQ890529.1	1
AY485277.1	1
MF598647.1	1
KC175339.1	0
AY572034.1	1
KX179500.1	1
DQ415900.1	1
KF923923.1	1
MF598662.1	1
HQ890536.1	1
KF530106.1	1
EF065507.1	0
EF065506.1	0
MG011348.1	1
JX162087.1	1
KT806044.1	1
LC260038.1	0
KF530083.1	1
AY394995.1	1
AY572035.1	1
KJ601778.1	0
KY684760.1	1
MG366881.1	1
KY581690.1	1
GU553363.1	1
KY293677.1	0
AY559084.1	1
KY554972.1	1
MH371127.1	1
MF769438.1	0
KF268337.1	0
DQ084200.1	0
MG011353.2	1
MF598645.1	1
MG923475.1	1
FJ938059.1	0
MF598712.1	1
KF514420.1	1
KF923914.1	1
KT368913.1	0
KY566210.1	0
FJ882955.1	1
KX538969.1	1
KU182964.1	0
MF598688.1	1
GQ152141.1	0
EU371561.1	1
KF923900.1	1
MF598675.1	1
KF530063.1	1
KF514416.1	1
KT374054.1	1
DQ415912.1	1
KX034097.1	1
AY304495.1	1
FJ882960.1	1
AY427439.1	1
FJ938051.1	0
KT368898.1	0
MF598638.1	1
KT368846.1	1
KU981060.1	0
JF292912.1	1
MG596802.1	0
KT026454.1	1
MF598622.1	1
GQ427176.1	0
KJ614529.1	1
KF514391.1	1
MF095123.1	0
KT368891.1	0
MF598700.1	1
KT368842.1	1
KF530114.1	1
AY613950.1	1
MF598602.1	1
KF514433.1	1
MF598650.1	1
KR011264.1	1
KY996417.1	1
KT368860.1	1
AY310120.1	1
KR265856.1	0
AY283796.1	1
AY394987.1	1
KY554969.1	1
KX154689.1	1
KX982264.1	0
MF598690.1	1
MF769422.1	0
KF530074.1	1
KR265849.1	0
FJ425187.1	0
KF530095.1	1
KF530098.1	1
FJ882948.1	1
KF514418.1	1
AY686864.1	1
KF686340.1	1
AY559096.1	1
DQ415911.1	1
KT368880.1	1
MF769423.1	0
KJ650295.1	1
HQ890539.1	1
HQ890534.1	1
MG772933.1	0
AY394850.2	1
KC881005.1	0
FJ938065.1	0
KU215421.1	0
KM820765.1	0
KU215423.1	0
KF514404.1	1
KM027257.1	1
KT368828.1	1
FJ882932.1	1
FJ882934.1	1
AY345987.1	1
MF598664.1	1
KF530081.1	1
MG428702.1	1
MG923470.1	1
AY291451.1	1
FJ425188.1	0
KU886219.1	0
AY362698.1	1
AY515512.1	1
KT368897.1	0
KT368840.1	1
KT368899.1	0
KP719929.1	1
FJ882929.1	1
MF598654.1	1
KF923899.1	1
KX722529.1	0
AY508724.1	1
KF514403.1	1
KT368905.1	0
KT156560.1	1
KU981059.1	0
AY278741.1	1
MF598606.1	1
KY581693.1	1
MF314143.1	1
FJ882939.1	1
KX154694.1	1
KX034100.1	1
MG977445.1	1
KF514419.1	1
KF514423.1	1
MF598599.1	1
KJ477102.1	1
KF530068.1	1
MF598671.1	1
AY394994.1	1
MF094682.1	0
JN183882.1	0
KF961222.1	1
KF600612.1	1
HQ012368.1	0
FJ882935.1	1
MG923472.1	1
HQ890532.1	1
AY864805.1	1
KF906251.1	0
KX538966.1	1
MF598686.1	1
KM027259.1	1
KF430201.1	1
KF600627.1	1
HM211101.1	0
KY829118.1	1
NC_032730.1	0
KY417150.1	0
KP757891.1	0
AY291315.1	1
LC260044.1	0
LC061274.1	0
FJ938058.1	0
MF598722.1	1
KT368854.1	1
KF530096.1	1
KT121577.1	1
MG762674.1	0
MF598683.1	1
KF514417.1	1
KY581691.1	1
KT381875.1	1
AY463060.1	1
MF598680.1	1
DQ339101.1	1
JN874562.1	0
KU710264.1	1
KC545386.1	0
KY688122.1	1
MG837130.1	0
KT121574.1	1
JX169867.1	0
KT368861.1	1
MF094685.1	0
MF598657.1	1
KF530070.1	1
FJ647223.1	0
KP719933.1	1
KT368882.1	1
MG772808.1	1
JN856008.2	0
JQ989272.1	0
KF923912.1	1
KF923913.1	1
GQ153541.1	0
KF530108.1	1
MF769433.1	0
MF598609.1	1
JQ765571.1	1
DQ415901.1	1
JN129835.1	1
MF370205.1	0
KT368866.1	1
MF598721.1	1
MF769431.1	0
NC_022103.1	0
KJ156910.1	1
DQ415899.1	1
KF793824.1	0
JX993988.1	0
KF530113.1	1
DQ415896.1	1
KY417145.1	0
MF598696.1	1
KY673149.1	1
KY073746.1	0
KT779555.1	1
KF906250.1	0
KF530080.1	1
DQ648794.1	0
FJ882962.1	1
MG011347.1	1
JN183883.1	0
DQ648856.1	0
FJ938053.1	0
JQ989267.1	0
FJ882928.1	1
EF065512.1	0
HQ012370.1	0
AY654624.1	1
KR265855.1	0
KF530088.1	1
MF598668.1	1
KT368868.1	1
KY581689.1	1
AY394998.1	1
U00735.2	0
JN874561.1	0
KT266822.1	0
KT368847.1	1
AY357076.1	1
KF600632.1	1
KY063617.1	0
MG428706.1	1
KF530107.1	1
MF598624.1	1
MF769416.1	0
KF923909.1	1
KF514396.1	1
EU186072.1	0
AY559094.1	1
KX034098.1	1
KT253324.1	0
AP006561.1	1
KJ813439.1	1
KF514401.1	1
KX154693.1	1
HQ392469.1	0
KU973692.1	0
MF598626.1	1
KU291449.1	0
KT368826.1	1
KJ156869.1	1
AY772062.1	1
KT368871.1	1
MF598702.1	1
DQ648857.1	0
KY581700.1	1
KY626044.1	0
KP757892.1	0
KM454473.1	0
JF292911.1	1
EF424618.1	0
KF530112.1	1
MF094687.1	0
AY686863.1	1
MG011362.1	1
FJ882943.1	1
JX163927.1	1
KY581688.1	1
KT368904.1	0
HQ890540.1	1
KT368889.1	1
MF769439.1	0
KT225476.2	1
KM210277.1	1
MF598598.1	1
KY364365.1	0
KJ601779.1	0
KU131570.1	1
KY674919.1	1
KF514408.1	1
MF598681.1	1
KY369910.1	1
KJ601780.1	0
KT368884.1	1
KF514430.1	1
KT806046.1	1
KY417146.1	0
MF769435.1	0
AY559086.1	1
AY278488.2	1
KX538974.1	1
MF598604.1	1
MF598705.1	1
KF514421.1	1
KT368864.1	1
KR150443.1	0
KJ156881.1	1
KX834352.1	0
HQ890538.1	1
KU851862.1	1
KX108937.1	1
LC061273.1	0
MF598719.1	1
EF065514.1	0
MF598594.1	1
KY674920.1	1
KT368850.1	1
KP209310.1	1
AY559085.1	1
KY581686.1	1
KT368912.1	0
AY282752.2	1
AY394992.1	1
JQ765573.1	1
MF598704.1	1
HQ890544.1	1
FJ882941.1	1
KT156561.1	1
KY073747.1	0
KT368827.1	1
JF292908.1	1
KP209311.1	1
KC881006.1	0
JF292904.1	1
KF923916.1	1
MF598615.1	1
AY304488.1	1
KU308549.1	1
KY417152.1	0
FJ882956.1	1
KF530082.1	1
AY394986.1	1
KR011263.1	1
MF598605.1	1
AY338174.1	1
MF598714.1	1
KF530079.1	1
KT368852.1	1
DQ182595.1	1
JX860640.1	0
AY545917.1	1
AY502932.1	1
KJ569769.1	0
KY688124.1	1
KY770858.1	0
MG923474.1	1
MF598597.1	1
DQ415902.1	1
KP198610.1	1
MF769443.1	0
GQ427174.1	0
MF769417.1	0
MF167434.1	0
KY933090.1	0
MG011345.2	1
AY278490.3	1
KF530104.1	1
MG837131.1	0
MF598637.1	1
KY354363.1	0
FJ882952.1	1
KF600647.1	1
KU215425.1	0
MG977451.1	1
KX154688.1	1
KJ584358.1	0
KU558922.1	0
KM027260.1	1
KF530099.1	1
MF769429.1	0
MF769421.1	0
JQ765567.1	1
KT121581.1	1
AY613948.1	1
AY395001.1	1
MF598720.1	1
KR265864.1	0
JX503061.1	1
DQ445912.1	1
KF923908.1	1
MH043954.1	0
KF514410.1	1
KY554970.1	1
KY566211.1	0
EF065511.1	0
JQ765565.1	1
DQ415914.1	1
AY394993.1	1
KP143511.1	0
KF923896.1	1
MF598661.1	1
KT374052.1	1
HQ890527.1	1
KX108939.1	1
MF598678.1	1
NC_030886.1	0
EF203065.1	0
HQ890542.1	1
MG011357.2	1
KF514411.1	1
KT121575.1	1
MH454272.1	1
KT368908.1	0
KP209308.1	1
KJ713299.1	1
MF598703.1	1
KY983585.1	1
AY502928.1	1
KT368873.1	1
KP143510.1	0
EF424623.1	0
JX169866.1	0
KF923886.1	1
KY674921.1	1
EU022526.1	0
KT368839.1	1
KF923907.1	1
KJ958218.1	1
KP981395.1	0
MF598697.1	1
JF292921.1	1
MF598653.1	1
HQ012369.1	0
MF598658.1	1
KY369905.1	1
MG011341.1	1
KF923904.1	1
KX432213.1	0
KY581692.1	1
HQ012371.1	0
KF923924.1	1
HM211100.1	0
KF569996.1	0
FJ938064.1	0
JF292916.1	1
KT368914.1	0
KR131621.1	0
KP981644.1	0
FJ959407.1	1
KF530067.1	1
KF923919.1	1
KT368836.1	1
KR270796.1	0
KU558923.1	0
HQ012372.1	0
FJ938061.1	0
MF598652.1	1
KP849472.1	0
JF792616.1	0
KY581684.1	1
KT368856.1	1
KX108943.1	1
KF530084.1	1
KU981062.1	0
KT368844.1	1
KT368837.1	1
FJ938056.1	0
KX538979.1	1
KF923910.1	1
AY545919.1	1
NC_004718.3	1
KF530069.1	1
MF769442.1	0
KJ601777.1	0
EU420137.1	0
KY674941.1	1
EF065516.1	0
MG923477.1	1
HQ890535.1	1
MG923469.1	1
MF598643.1	1
JQ408980.1	0
JX104161.1	1
JF292922.1	1
KJ156944.1	1
KX538976.1	1
KF514405.1	1
KX108940.1	1
KY967361.1	1
KF600628.1	1
NC_016992.1	0
KF600651.1	1
KT381613.1	0
KY369911.1	1
NC_010437.1	0
EF446615.1	0
MF598679.1	1
MF598627.1	1
KF923889.1	1
KF530078.1	1
KT368855.1	1
AY559082.1	1
MF598600.1	1
NC_010438.1	0
AB354579.1	0
KY688123.1	1
FJ425185.1	0
KP886809.1	0
KY065120.1	0
KX538970.1	1
FJ376619.2	0
KM210278.1	1
KU851859.1	1
KR265865.1	0
JN854286.1	1
KF530105.1	1
KF686342.1	1
FJ938066.1	0
KY369906.1	1
AY585229.1	1
AY518894.1	1
KF514407.1	1
AY545915.1	1
KY417144.1	0
MF598713.1	1
DQ010921.1	0
JF292918.1	1
KX022605.1	0
KM027256.1	1
KP719927.1	1
MF598711.1	1
MF598620.1	1
AY279354.2	1
KY983586.1	1
KF514394.1	1
MF598676.1	1
KT026456.1	1
MG011340.1	1
HM245926.1	0
AY502923.1	1
MG837132.1	0
MF113046.1	0
KY554975.1	1
LC364343.1	0
FJ938054.1	0
AY278554.2	1
KT444582.1	0
JX163923.1	1
KY063616.1	0
NC_030292.1	0
LC119077.1	0
MF598677.1	1
MG011354.2	1
KT368830.1	1
KT368862.1	1
KT368892.1	0
KR265857.1	0
KC164505.2	1
MG011350.1	1
AY394985.1	1
AY338175.1	1
MG977444.1	1
KY770860.1	0
FJ882937.1	1
MF769424.1	0
KP719930.1	1
FJ882950.1	1
MF542265.1	1
DQ415908.1	1
KF600634.1	1
AY394989.1	1
KT806047.1	1
FJ882940.1	1
KF530086.1	1
DQ415910.1	1
KT368870.1	1
HM211099.1	0
KU242424.1	1
KF600645.1	1
FJ938062.1	0
KT806051.1	1
FJ882959.1	1
AY597011.2	1
EF424619.1	0
KJ584357.1	0
MG428705.1	1
KJ650098.1	1
EF065513.1	0
MF598648.1	1
FJ882942.1	1
HQ890533.1	1
KF186566.1	1
KU984334.1	0
JF292917.1	1
FJ882958.1	1
KJ156934.1	1
GU190215.1	0
KF530071.1	1
KY674917.1	1
KT368874.1	1
NC_016991.1	0
KX512809.1	0
MG742313.1	0
AY394983.1	1
LN610099.1	0
KF186565.1	1
AY391777.1	1
JQ404409.1	0
KY926512.1	0
KY369914.1	1
MF598640.1	1
AY502927.1	1
KX154690.1	1
FJ882933.1	1
KY626045.1	0
FJ938067.1	1
MH432120.1	1
DQ915164.2	0
KF514392.1	1
KT253328.1	0
KT368876.1	1
DQ415905.1	1
NC_032107.1	0
MF598649.1	1
DQ412043.1	0
MF094684.1	0
JX163924.1	1
KJ769231.1	0
JQ404410.1	0
MF769441.1	0
MG011356.1	1
KJ958219.1	1
GQ153545.1	0
JQ410000.1	0
KT374050.1	1
AY502930.1	1
KF530077.1	1
KU051649.1	0
MF598674.1	1
AY394978.1	1
KY967358.1	1
MF374984.1	1
NC_017083.1	0
KX034094.1	1
KJ713296.1	1
KJ584355.1	0
KT368893.1	0
AY395000.1	1
DQ848678.1	0
KT368895.1	0
KF923890.1	1
KY417143.1	0
KM027258.1	1
MF374983.2	1
NC_028752.1	0
AY394979.1	1
GU553361.1	0
KR265858.1	0
KF793826.1	0
MG011359.2	1
AY559095.1	1
MG923466.1	1
HQ392471.1	0
AY345988.1	1
MF769444.1	0
EU371563.1	1
HQ890541.1	1
MG428701.1	1
HQ890528.1	1
MF769418.1	0
MG923468.1	1
EU371559.1	1
KX538972.1	1
KR265852.1	0
MF598692.1	1
MG366880.1	1
EF065505.1	0
KY688121.1	1
KX512810.1	0
KC667074.1	1
KP209312.1	1
MF598659.1	1
FJ647224.1	0
KT368901.1	0
KT368887.1	1
MF598646.1	1
KT368833.1	1
KY684759.1	1
KT121573.1	1
MG518518.1	0
KJ713298.1	1
KF268339.1	0
KX574227.1	0
GQ153547.1	0
KU215419.1	0
MF598603.1	1
KX442565.1	0
KF600613.1	1
JF292903.1	1
KY983583.1	1
MG812377.1	0
MF094683.1	0
JQ065042.2	0
KF514399.1	1
KT368859.1	1
KY417148.1	0
MG366883.1	1
AP006557.1	1
KF923888.1	1
FJ425190.1	0
JQ765566.1	1
FJ882947.1	1
KY967360.1	1
MF598629.1	1
KX538973.1	1
NC_010800.1	0
KF917527.1	1
FJ938052.1	0
KF923892.1	1
FJ882953.1	1
KJ361503.1	1
KF530075.1	1
KF923911.1	1
NC_023760.1	0
JX163925.1	1
KY770850.1	0
KR265848.1	0
GQ153542.1	0
FJ882926.1	1
KT368877.1	1
KU851860.1	1
KY369908.1	1
KT368878.1	1
KX258195.1	0
KT368845.1	1
HQ890526.1	1
KF530097.1	1
AY559081.1	1
KP719928.1	1
KF514398.1	1
JQ765569.1	1
KY554968.1	1
MF598673.1	1
KY674914.1	1
FJ938060.1	0
KY292377.1	0
KY581695.1	1
KX034096.1	1
KT368875.1	1
KT326819.1	1
LT545990.1	0
JN634064.1	0
MG923479.1	1
JX163928.1	1
KF530072.1	1
KT368881.1	1
KT368890.1	1
KY674916.1	1
LC260040.1	0
KT374056.1	1
KF923920.1	1
KT877351.1	1
MF094686.1	0
MG923480.1	1
MF769437.1	0
KT368886.1	1
KC545383.1	0
KY014282.1	1
KT368885.1	1
KU215428.1	0
MF598687.1	1
KP757890.1	0
KF514422.1	1
FJ376620.1	0
KT806055.1	1
AY394990.1	1
KF923901.1	1
KY674915.1	1
KF600620.1	1
KY513725.1	0
KT368879.1	1
KF686341.1	1
KX034099.1	1
KF923925.1	1
MF598698.1	1
KX108938.1	1
KP209306.1	1
KY363868.1	0
KR265851.1	0
KX118627.1	0
KR265860.1	0
KY417149.1	0
MG011349.1	1
KT368872.1	1
AY348314.1	1
AY323977.2	1
KJ713295.1	1
GQ153543.1	0
KP209313.1	1
KY073748.1	0
KF923922.1	1
HQ890543.1	1
MG596803.1	0
KF530085.1	1
MF598694.1	1
AY278491.2	1
KY369907.1	1
MF598665.1	1
FJ882946.1	1
FJ882963.1	1
EF203066.1	0
KT368900.1	0
KX108945.1	1
MF598691.1	1
KF686343.1	1
KT751244.1	1
GU553364.1	1
MF769434.1	0
AY463059.1	1
KY674918.1	1
AF391542.1	0
MF598663.1	1
EF424617.1	0
KF514415.1	1
AY283798.2	1
KF514395.1	1
FJ647222.1	0
MG428703.1	1
KU981061.1	0
DQ415898.1	1
MG893511.1	0
MF598644.1	1
AY461660.1	1
KP719931.1	1
KF530076.1	1
KT029139.1	1
FJ938063.1	0
FJ882957.1	1
KR011266.1	1
DQ811784.2	0
KJ361500.1	1
MG011360.1	1
KX538971.1	1
KR265847.1	0
JF292919.1	1
LC260043.1	0
JF705860.1	0
KC175341.1	0
MH043953.1	0
GQ427175.1	0
KT368831.1	1
KF530087.1	1
KX108946.1	1
KF923921.1	1
MF598608.1	1
AY502931.1	1
AY502929.1	1
MG772934.1	0
HQ012367.1	0
KY688120.1	1
AY559097.1	1
MF598612.1	1
AY278487.3	1
KT877350.1	1
KX538965.1	1
AY394997.1	1
FJ647225.1	0
KX154692.1	1
MF598670.1	1
AY502925.1	1
MF642323.1	0
KF923905.1	1
KF961221.1	1
KF514409.1	1
MF769425.1	0
JF292905.1	1
MG977449.1	1
MF642324.1	0
KJ584359.1	0
EU371564.1	1
EF065510.1	0
KC175340.1	0
MG977452.1	1
KF923903.1	1
KF923891.1	1
KF923917.1	1
KY688118.1	1
MF642325.1	0
KF600644.1	1
AY283797.1	1
KT861627.1	1
KU215424.1	0
KU851861.1	1
KF745068.1	1
KU215422.1	0
KT368916.1	0
HQ890546.1	1
HQ890530.1	1
JQ989271.1	0
AY559087.1	1
NC_019843.3	1
KF514390.1	1
FJ882951.1	1
FJ376621.1	0
EF424616.1	0
MF598667.1	1
NC_003045.1	0
MF598595.1	1
JQ989266.1	0
KF268338.1	0
FJ425186.1	0
AY559088.1	1
MH006965.1	0
AY714217.1	1
KR265793.1	0
MG448607.1	0
KJ645691.1	0
AY394981.1	1
KJ645679.1	0
KX236005.1	0
KX302861.1	0
LT898435.1	0
KJ645652.1	0
AF201929.1	0
KX252785.1	0
KY588134.1	0
EU074218.2	0
KJ425492.1	0
KJ584361.1	0
KF272920.1	0
KT323979.1	0
KP641661.1	0
KR003452.1	0
KR265759.1	0
KX252775.1	0
KJ645685.1	0
LC063819.1	0
KX302875.1	0
KR265844.1	0
JQ900256.1	1
KJ473816.1	0
JF330898.1	0
KF530126.1	0
MH006961.1	0
KJ645649.1	0
KU982977.1	0
KJ399978.1	0
KY793536.1	0
MH004415.1	0
KJ435286.1	0
KX252774.1	0
KJ645699.1	0
MH006959.1	0
KR265775.1	0
KT860508.1	0
LT898446.1	0
MF782686.1	0
AY394980.1	1
KR265802.1	0
KU893871.1	0
JQ173883.1	0
KJ473799.1	0
KX275391.1	0
KF686338.1	1
KR265766.1	0
LT900498.1	0
AY851295.1	0
KF460437.1	0
KU556807.1	0
KJ645689.1	0
LC063835.1	0
KX236016.1	0
KX499468.1	0
KY419111.1	0
KU982970.1	0
KJ645701.1	0
DQ011855.1	0
JQ900255.1	1
KX275390.1	0
KX259257.1	0
KX812523.1	0
LT900501.1	0
KX302867.1	0
LM645058.1	0
GQ504723.1	0
KR265845.1	0
KF384500.1	0
KJ435285.1	0
KP036505.1	0
LC216914.1	0
JX188454.1	0
KY111278.1	0
LC063830.1	0
KR265785.1	0
AY394988.1	1
LT900500.1	0
KY967723.1	0
KU646831.1	0
KU356856.1	0
FJ904714.1	0
KF650373.1	0
KJ645698.1	0
KR265772.1	0
LT898425.1	0
KU982968.1	0
JX195178.1	0
KJ645671.1	0
AF207902.1	0
KR265787.1	0
KX219794.1	0
KJ425490.1	0
KP118883.1	0
LC063820.1	0
KT852992.1	0
KX219795.1	0
KF650371.1	0
KX219797.1	0
KR265782.1	0
KT203557.1	0
KR265799.1	0
KJ158152.1	0
LT898443.1	0
KX372249.1	0
MF882923.1	0
KX236003.1	0
AY646283.1	0
KF650370.1	0
NC_002306.3	0
KR265817.1	0
MH107322.1	0
KF530127.1	0
MH004420.1	0
LC063823.1	0
KJ645681.1	0
KC461237.1	0
KU982975.1	0
LC063810.1	0
KY499261.1	0
LC063822.1	0
AY514485.1	0
MF508703.1	0
KJ425506.1	0
KJ645673.1	0
KJ473797.1	0
KX364293.1	0
KX236006.1	0
LC063824.1	0
FJ904722.1	0
LT898440.1	0
KR610993.1	0
KX364290.1	0
EU418976.1	0
KJ425494.1	0
KX302874.1	0
FJ904719.1	0
KX252787.1	0
KU900743.1	0
KX302872.1	0
LC063837.1	0
LT898415.1	0
JF893452.1	-1
KY963963.1	0
MH052684.1	0
MH052687.1	0
AY319651.1	0
KP890336.1	0
KF761675.1	0
KU975389.1	0
KY019623.1	0
KC506155.1	0
KX247127.1	0
FJ904716.1	0
KP790145.1	0
KX083668.1	0
LT898426.1	0
KX236015.1	0
KR265822.1	0
LT898439.1	0
KJ645643.1	0
KX272465.1	0
DQ811785.1	0
LT898421.1	0
KF530133.1	0
KF430202.1	1
KU297956.1	0
KX247129.1	0
KX348114.1	0
KT941120.1	0
KF530271.1	0
KM392228.1	0
KX236013.1	0
JX489155.1	0
HQ462571.1	0
KM609206.1	0
KJ645662.1	0
KJ645666.1	0
KP118880.1	0
KJ645688.1	0
JX261936.1	0
KR265770.1	0
KX185056.1	0
JF828980.1	0
DQ834384.1	0
KU900744.1	0
MH052681.1	0
KJ645651.1	0
NC_005831.2	1
KP118888.1	0
DQ811787.1	0
MH004416.1	0
KR873431.1	0
KR265784.1	0
KR873434.1	0
KR265779.1	0
JF274479.2	0
KX219793.1	0
KY019624.1	0
KT253269.1	0
KJ473796.1	0
KX058033.1	0
KM609205.1	0
KR265846.1	0
KF931628.1	0
KJ425488.1	0
MF281416.1	0
KT696544.1	0
HM245923.1	0
LC063839.1	0
KR610991.1	0
KX721498.1	0
KJ645639.1	0
KF267450.1	0
LT898436.1	0
MH006957.1	0
KX259251.1	0
JX840411.1	0
KR608272.1	0
KR265768.1	0
KF530117.1	0
EU714029.1	0
KY419103.1	0
JQ900259.1	1
KF840537.1	0
KX302868.1	0
MG334555.1	0
KX236014.1	0
KU317090.1	0
KR265828.1	0
KU982971.1	0
KP790144.1	0
GQ504722.1	0
MH052682.1	0
KX252772.1	0
KR265777.1	0
KY967734.1	0
JQ900260.1	1
MF807952.1	0
KR265786.1	0
LC053455.1	0
JQ900258.1	1
KX236009.1	0
KU982974.1	0
KF468753.1	0
KY407558.1	0
GU393338.1	0
EU714028.1	0
KJ425493.1	0
KF530130.1	0
KU982979.1	0
KX259256.1	0
LT898410.1	0
JQ282909.1	0
KY419105.1	0
KJ645675.1	0
KC196276.1	0
KJ425498.1	0
KX275393.1	0
KR153325.1	0
KJ645686.1	0
KJ645678.1	0
AY700211.1	0
KY983584.1	1
KP790146.1	0
KJ645670.1	0
LC063840.1	0
KY407557.1	0
KJ960178.1	0
KX219798.1	0
M95169.1	0
KR265814.1	0
AB551247.1	0
KF574761.1	0
KX252779.1	0
KX252786.1	0
KY805846.1	0
LC063828.1	0
KR265781.1	0
KJ645693.1	0
KR265821.1	0
LM645057.1	0
KP162057.1	0
KR265771.1	0
KJ645707.1	0
KU893873.1	0
GU593319.1	0
KX252788.1	0
LC063826.1	0
KC210146.1	0
KR265826.1	0
KR265805.1	0
KR610992.1	0
KU982969.1	0
KP343691.1	0
KX259250.1	0
KJ645694.1	0
KX550281.1	0
KX580953.1	0
AY394982.1	1
KX058075.1	0
GU393337.1	0
LT898445.1	0
LT905450.1	0
KR265841.1	0
KU982981.1	0
LC216915.1	0
MF462814.1	0
KT021227.1	0
KJ588062.1	0
LT898432.1	0
KJ425495.1	0
KM975736.1	0
KU361188.1	0
JQ408981.1	0
KX375808.1	0
MH013466.1	0
GU393331.1	0
KJ645648.1	0
KU380331.1	0
KR265834.1	0
KJ425485.1	0
KJ645677.1	0
KJ645683.1	0
KX259253.1	0
MH004413.1	0
KJ473820.1	0
KF411041.1	0
KR265792.1	0
KR265790.1	0
DQ288927.1	0
KR265804.1	0
KY419106.1	0
KF650374.1	0
KR818832.1	0
KR265764.1	0
KJ645659.1	0
KX683006.1	0
KY419104.1	0
KJ473822.1	0
KJ425509.1	0
KP765609.1	0
KM609211.1	0
MH006963.1	0
LC063833.1	0
KJ645660.1	0
KX302866.1	0
KU252649.1	0
LT906620.1	0
KC210147.1	0
KJ645676.1	0
KJ588064.1	0
KX247130.1	0
KR265815.1	0
KP728470.1	0
KX252790.1	0
AF208066.1	0
KR265797.1	0
KR265776.1	0
EU817497.1	0
KX434788.1	0
KM609209.1	0
KX302869.1	0
KR265773.1	0
KR265763.1	0
KX236008.1	0
KR265807.1	0
LT905451.1	0
KJ425505.1	0
KX252781.1	0
KP118885.1	0
KY776700.1	0
LT898433.1	0
KC008600.1	0
KU982972.1	0
KJ645672.1	0
KX236011.1	0
KX219796.1	0
KJ645638.1	0
KP118882.1	0
DQ646405.2	0
JN547228.1	0
GQ504721.2	0
KP641662.1	0
FJ888351.1	0
LT900499.1	0
KM392226.1	0
KX058031.1	0
MF373643.1	0
KC461235.1	0
KP118892.1	0
KJ425491.1	0
KX839247.1	0
KJ020932.1	0
KP641663.1	0
KF650372.1	0
LT898414.1	0
KM077139.1	0
KY967725.1	0
KJ425507.1	0
KM609213.1	0
KR265769.1	0
KR265780.1	0
LC063847.1	0
LC063825.1	0
LT898438.1	0
KY928065.1	0
KY070587.1	0
KY419109.1	0
KU900740.1	0
KF530120.1	0
KP780179.1	0
MH013463.1	0
KC136209.1	0
KJ435284.1	0
KX259254.1	0
KY825240.1	0
KR265843.1	0
MF346935.1	0
KX236004.1	0
KX839249.1	0
KJ425500.1	0
KJ645690.1	0
KF850450.2	1
KF430196.1	1
KP118884.1	0
KJ645708.1	0
MF375374.1	0
KF530121.1	0
FJ904718.1	0
MH006964.1	0
KX580958.1	0
KX302871.1	0
FJ884686.1	0
KX236010.1	0
KT736031.1	0
KX016034.1	0
KX364295.1	0
FJ904715.1	0
JX524137.1	0
KJ435283.1	0
KM586818.1	0
KX364296.1	0
AY394977.1	1
KX302870.1	0
KR078300.1	0
AJ311317.1	0
KJ960180.1	0
KR265760.1	0
NC_001846.1	0
KM975741.1	0
KR809885.1	0
KR265761.1	0
KF530134.1	0
FJ904723.1	0
MH006958.1	0
KX252776.1	0
KJ184549.1	0
KJ645636.1	0
GU393334.1	0
LC063845.1	0
KJ425504.1	0
MF421319.1	0
FJ904720.1	0
KJ425510.1	0
KR265825.1	0
DQ811789.2	0
DQ201447.1	0
FN430415.1	0
LT900502.1	0
KJ196348.1	0
KT199103.1	0
KJ645664.1	0
MH013465.1	0
KT021228.1	0
MH004418.1	0
KM609212.1	0
KJ645682.1	0
KY649107.1	0
KM887144.1	0
KX236002.1	0
KJ588063.1	0
JX195177.1	0
KU893861.1	0
GU393335.1	0
KX364300.1	0
KJ645637.1	0
KY967733.1	0
EF185992.1	0
LC063812.1	0
KY499262.1	0
LT898416.1	0
KU729220.1	0
KJ645674.1	0
KR265811.1	0
KY967715.1	0
KX066126.1	0
LT898411.1	0
LC063818.1	0
KR265809.1	0
KR265798.1	0
KP036503.1	0
KR078299.1	0
KR265765.1	0
LT898431.1	0
KT591944.1	0
KJ777678.1	0
KR610994.1	0
KX348116.1	0
KJ645641.1	0
LC063836.1	0
KP118891.1	0
KF430199.1	1
JQ977698.1	0
KU893869.1	0
HM245924.1	0
EU637854.1	0
KY967724.1	0
MH013462.1	0
NC_028833.1	0
KP118889.1	0
KF760557.2	0
KJ645657.1	0
KX534206.1	0
KJ645668.1	0
KX064280.1	0
KY994645.1	0
KP118893.1	0
KP403802.1	0
KP790143.1	0
MG763935.1	0
LT898409.1	0
KX364291.1	0
KR265840.1	0
KX219799.1	0
KX185059.1	0
KC119407.1	0
KR231009.1	0
LC063821.1	0
KM609208.1	0
KX259248.1	0
KM609203.1	0
KC189944.1	0
KM392229.1	0
AC_000192.1	0
KY929406.1	0
KX252778.1	0
KR265830.1	0
KR265794.1	0
DQ648858.1	0
KR873435.1	0
KJ645687.1	0
KR265774.1	0
KC140102.1	0
KP118894.1	0
NC_028824.1	0
KJ645704.1	0
DQ811786.2	0
KM609204.1	0
KJ425512.1	0
KR265824.1	0
KT323980.1	0
KJ425503.1	0
KX185057.1	0
MH052685.1	0
KJ645700.1	0
HM776941.1	0
KX434789.1	0
KR265791.1	0
KT946798.1	0
LT898430.1	0
KJ473813.1	0
MF577027.1	0
KY825241.1	0
KP036502.1	0
LC063811.1	0
MH004421.1	0
KP688354.1	0
KU982980.1	0
LT898413.1	0
KX219800.1	0
MH006962.1	0
KR265803.1	0
KM975735.1	0
MF416379.1	0
KU558702.1	0
KX236007.1	0
KX839246.1	0
KX247128.1	0
KJ473810.1	0
AY692454.1	0
KX364299.1	0
KX077987.1	0
KX364292.1	0
KX275392.1	0
KU847996.1	0
KU900741.1	0
KJ425486.1	0
KJ135013.1	0
KX219791.1	0
AY338732.1	0
JX195176.1	0
KJ473811.1	0
KJ425487.1	0
KM392224.1	0
KJ645667.1	0
MH004417.1	0
KC962433.1	0
KF377577.1	0
KR265796.1	0
KR265813.1	0
KY047602.1	0
KR818833.1	0
JQ977697.1	0
MH052683.1	0
KU893870.1	0
KC013541.1	0
KX883635.1	0
KX534205.1	0
KR265816.1	0
MF737355.1	0
MH004412.1	0
KP118881.1	0
KU982976.1	0
EU111742.1	0
KX219792.1	0
KM392232.1	0
KT021233.1	0
LC063838.1	0
KJ645706.1	0
LC063829.1	0
LT898420.1	0
KR265810.1	0
KM403155.1	0
KJ960179.1	0
KY799582.1	0
KY776701.1	0
MG837011.1	0
KM392231.1	0
MH004414.1	0
KR265829.1	0
FJ807652.1	0
KP118890.1	0
LT898423.1	0
AY641576.1	0
KJ473821.1	0
KT886454.1	0
KF468754.1	0
LT898447.1	0
LC063843.1	0
MF618253.1	0
KX364294.1	0
KX252777.1	0
KF468752.1	0
KY929405.1	0
KM975738.1	0
KC461236.1	0
KU664503.1	0
KU893872.1	0
KJ645655.1	0
KM392225.1	0
KX640829.1	0
KX302860.1	0
MH052688.1	0
KF530135.1	0
KJ645663.1	0
KX434790.1	0
KY419107.1	0
KY967735.1	0
KU556804.1	0
GQ504720.1	0
KY486713.1	0
GQ504724.1	0
KM242131.1	0
KX425847.1	0
LC063841.1	0
KX372250.1	0
KJ645642.1	0
KF530131.1	0
KF686345.1	1
KJ645665.1	0
KX259249.1	0
KX266757.1	0
KT021232.1	0
KF530136.1	0
KY967726.1	0
MH107321.1	0
LC063817.1	0
KF650375.1	0
KF411040.1	0
KX389094.1	0
KX348115.1	0
KJ645669.1	0
AY395004.1	1
KX791060.1	0
HQ848267.1	0
KJ645656.1	0
KX236001.1	0
KR265783.1	0
KJ425508.1	0
KX058032.1	0
KX252789.1	0
KP868572.1	0
KR265806.1	0
KR265778.1	0
KJ645635.1	0
KX289955.1	0
KP662631.1	0
KY007140.1	0
DQ443743.1	0
LC063827.1	0
KU558701.1	0
KX981440.1	0
NC_003436.1	0
JX088695.1	0
KJ778616.1	0
KJ777677.1	0
KJ408801.1	0
KX259252.1	0
KJ645680.1	0
JN825712.1	0
KJ645654.1	0
KX252782.1	0
KP403954.1	0
KJ473812.1	0
KX839251.1	0
KP118887.1	0
KR061458.1	0
KJ645692.1	0
KM392230.1	0
KY421672.1	0
KU900739.1	0
KJ645695.1	0
KU569509.1	0
LT898444.1	0
KU982973.1	0
KT253271.1	0
KY620116.1	0
KR265820.1	0
MH013464.1	0
FJ588686.1	0
KX259255.1	0
KT253270.1	0
KY419110.1	0
FJ904717.1	0
KX364297.1	0
GQ504725.1	0
MF421320.1	0
KR265789.1	0
KX375807.1	0
LT898417.1	0
KM089829.1	0
KR265808.1	0
JX897900.1	0
KR265812.1	0
KJ662670.1	0
KP202848.1	0
KF530125.1	0
LC063842.1	0
LT898418.1	0
MF948005.1	0
LC063844.1	0
KX236000.1	0
KJ645696.1	0
KM975740.1	0
LT906582.1	0
KJ645705.1	0
KX302873.1	0
MF083115.1	0
KJ645647.1	0
LT898408.1	0
MG837058.1	0
LC063813.1	0
MH052689.1	0
DQ001338.1	0
KU900742.1	0
LC063831.1	0
LT906581.1	0
MF807951.1	0
LC063815.1	0
KJ473815.1	0
KM975739.1	0
FJ904713.1	0
NC_028814.1	0
NC_034972.1	0
KU361187.1	0
KR265833.1	0
KT021229.1	0
KR265823.1	0
KR153326.1	0
KJ425501.1	0
LT898412.1	0
KJ425502.1	0
LT898441.1	0
KR902510.1	0
KY825242.1	0
KR265762.1	0
KP036504.1	0
GU393332.1	0
KR265788.1	0
MG334554.1	0
MG781192.1	0
KJ473814.1	0
KJ645650.1	0
KX219801.1	0
LC022792.1	0
LT898427.1	0
KM609207.1	0
KF530129.1	0
KP118886.1	0
KX400753.1	0
KT021230.1	0
KY420075.1	0
KJ645644.1	0
KX252773.1	0
KY825243.1	0
KJ645697.1	0
KX302864.1	0
AF208067.1	0
KX252791.1	0
KF686339.1	1
MH006960.1	0
KX839250.1	0
GU393333.1	0
KX375806.1	0
KR265827.1	0
JX560761.1	0
KU982967.1	0
KJ645645.1	0
NC_035191.1	0
NC_028811.1	0
KJ425497.1	0
MF618252.1	0
KJ473798.1	0
KM609210.1	0
KM052365.1	0
KJ645661.1	0
HQ850618.1	0
KY007139.1	0
KY805845.1	0
MG837012.1	0
KJ645653.1	0
KX348117.1	0
KJ425496.1	0
KJ645658.1	0
KX302862.1	0
KX236012.1	0
KX252780.1	0
LC063832.1	0
MH004419.1	0
FJ755618.2	0
KT021231.1	0
LC063834.1	0
KC210145.1	0
KX364298.1	0
KJ473795.1	0
KF430200.1	1
KJ425499.1	0
KY419112.1	0
KX839248.1	0
KX812524.1	0
KJ473800.1	0
LC063816.1	0
AJ271965.2	0
KM975737.1	0
FJ904721.1	0
KJ128295.1	0
KJ645646.1	0
KR265818.1	0
KJ425489.1	0
KR265819.1	0
KX375805.1	0
GU937797.1	0
KR265801.1	0
KM213963.1	0
KR265832.1	0
JX112709.1	0
KR011756.1	0
KR265842.1	0
KY407556.1	0
KU556805.1	0
KR265767.1	0
KR265795.1	0
MF782687.1	0
KF853202.1	0
KP868573.1	0
GU393336.1	0
KT253272.1	0
KC869678.4	0
KY419113.1	0
LC063814.1	0
LT897799.1	0
DQ001339.1	0
KJ645640.1	0
KF530124.1	0
KJ623926.1	0
KX252784.1	0
EU526388.1	0
KU982978.1	0
KR265831.1	0
EU418975.1	0
KJ425511.1	0
KJ645702.1	0
KX275394.1	0
JX195175.1	0
KY421673.1	0
KJ778615.1	0
KX185058.1	0
KX302865.1	0
JQ900257.1	1
KU982966.1	0
KX252783.1	0
FJ884687.1	0
JF828981.1	0
KJ645684.1	0
KM392227.1	0
AY394984.1	1
KC109141.1	0
KR095279.1	0
KU556806.1	0
KU900738.1	0
KX302863.1	0
JF330899.1	0
KT736032.1	0
KY486714.1	0
LC063846.1	0
KJ645703.1	0
FN430414.1	0
DQ811788.1	0
KR265800.1	0
